image,redshift
galaxy_18.jpg,0.1188398
galaxy_9.jpg,0.03123925
galaxy_22.jpg,0.1055337
galaxy_6.jpg,0.03907131
galaxy_10.jpg,0.1785485
galaxy_20.jpg,0.06881065
galaxy_28.jpg,0.06176083
galaxy_8.jpg,0.06383821
galaxy_27.jpg,0.08223649
galaxy_29.jpg,0.02836903
galaxy_15.jpg,0.06682529
galaxy_16.jpg,0.06133496
galaxy_19.jpg,0.1012395
galaxy_21.jpg,0.08013263
galaxy_11.jpg,0.03321811
galaxy_17.jpg,0.06176889
galaxy_5.jpg,0.1524816
galaxy_25.jpg,0.1673613
galaxy_4.jpg,0.04500422
galaxy_26.jpg,0.1861371
galaxy_0.jpg,0.03883329
galaxy_1.jpg,0.04160593
galaxy_14.jpg,0.08484705
galaxy_7.jpg,0.131141
galaxy_3.jpg,0.05357306
galaxy_13.jpg,0.09768979
galaxy_2.jpg,0.05600988
galaxy_23.jpg,0.0969437
galaxy_12.jpg,0.1742985
galaxy_24.jpg,0.1159392
galaxy_30.jpg,0.05253261
galaxy_31.jpg,0.03227942
galaxy_32.jpg,0.1686911
galaxy_34.jpg,0.04596619
galaxy_33.jpg,0.07644472
galaxy_37.jpg,0.0191508
galaxy_39.jpg,0.08390898
galaxy_36.jpg,0.1074319
galaxy_48.jpg,0.08187684
galaxy_38.jpg,0.05449326
galaxy_53.jpg,0.05327234
galaxy_40.jpg,0.01093547
galaxy_41.jpg,0.04555022
galaxy_35.jpg,0.1002927
galaxy_46.jpg,0.04277923
galaxy_42.jpg,0.1082104
galaxy_43.jpg,0.005819059
galaxy_44.jpg,0.06514438
galaxy_55.jpg,0.04718389
galaxy_45.jpg,0.05732637
galaxy_56.jpg,0.07876801
galaxy_52.jpg,0.09752557
galaxy_57.jpg,0.1025165
galaxy_54.jpg,0.06214903
galaxy_47.jpg,0.08002665
galaxy_59.jpg,0.1101486
galaxy_51.jpg,0.08847001
galaxy_50.jpg,0.0608576
galaxy_58.jpg,0.09354746
galaxy_49.jpg,0.006617586
galaxy_60.jpg,0.03157141
galaxy_61.jpg,0.07723346
galaxy_62.jpg,0.02936774
galaxy_63.jpg,0.02958246
galaxy_64.jpg,0.09681039
galaxy_65.jpg,0.02864671
galaxy_66.jpg,0.05197887
galaxy_67.jpg,0.1080092
galaxy_71.jpg,0.09151556
galaxy_75.jpg,0.1809982
galaxy_68.jpg,0.01925544
galaxy_70.jpg,0.08890882
galaxy_69.jpg,0.1588784
galaxy_76.jpg,0.07956693
galaxy_78.jpg,0.0797452
galaxy_74.jpg,0.03046406
galaxy_72.jpg,0.1239233
galaxy_77.jpg,0.03960714
galaxy_79.jpg,0.04778949
galaxy_73.jpg,0.03053254
galaxy_80.jpg,0.09741013
galaxy_88.jpg,0.04413672
galaxy_86.jpg,0.03551931
galaxy_87.jpg,0.06000935
galaxy_85.jpg,0.06772679
galaxy_89.jpg,0.07551389
galaxy_81.jpg,0.07225666
galaxy_82.jpg,0.1025427
galaxy_83.jpg,0.08080915
galaxy_84.jpg,0.09762488
galaxy_90.jpg,0.161692
galaxy_92.jpg,0.04956877
galaxy_91.jpg,0.09196553
galaxy_93.jpg,0.1218455
galaxy_94.jpg,0.06745292
galaxy_95.jpg,0.1086701
galaxy_96.jpg,0.02718273
galaxy_97.jpg,0.09579683
galaxy_98.jpg,0.0403405
galaxy_103.jpg,0.1222952
galaxy_99.jpg,0.03494478
galaxy_101.jpg,0.04524813
galaxy_104.jpg,0.06743302
galaxy_100.jpg,0.02453921
galaxy_108.jpg,0.05757635
galaxy_102.jpg,0.1398903
galaxy_105.jpg,0.08008008
galaxy_109.jpg,0.04642929
galaxy_106.jpg,0.03255774
galaxy_107.jpg,0.07980224
galaxy_110.jpg,0.08129944
galaxy_112.jpg,0.08003111
galaxy_117.jpg,0.03115351
galaxy_111.jpg,0.07051519
galaxy_113.jpg,0.125374
galaxy_116.jpg,0.0649898
galaxy_118.jpg,0.1341287
galaxy_115.jpg,0.07946485
galaxy_119.jpg,0.0786683
galaxy_114.jpg,0.07682933
galaxy_120.jpg,0.0755185
galaxy_121.jpg,0.03809099
galaxy_122.jpg,0.102188
galaxy_123.jpg,0.05779272
galaxy_124.jpg,0.04808715
galaxy_125.jpg,0.0251033
galaxy_126.jpg,0.07804377
galaxy_127.jpg,0.05976554
galaxy_128.jpg,0.0501728
galaxy_129.jpg,0.06071448
galaxy_135.jpg,0.03500548
galaxy_138.jpg,0.05328476
galaxy_131.jpg,0.08312737
galaxy_130.jpg,0.03209499
galaxy_133.jpg,0.04600343
galaxy_136.jpg,0.1199035
galaxy_137.jpg,0.04704357
galaxy_139.jpg,0.162987
galaxy_134.jpg,0.06372765
galaxy_150.jpg,0.04071172
galaxy_151.jpg,0.1148207
galaxy_152.jpg,0.01199003
galaxy_153.jpg,0.07982925
galaxy_132.jpg,0.05617025
galaxy_145.jpg,0.07733737
galaxy_147.jpg,0.0963308
galaxy_141.jpg,0.03668297
galaxy_140.jpg,0.09892269
galaxy_143.jpg,0.07942291
galaxy_146.jpg,0.09358854
galaxy_142.jpg,0.07783984
galaxy_148.jpg,0.04174269
galaxy_149.jpg,0.19416
galaxy_144.jpg,0.03423104
galaxy_154.jpg,0.002503105
galaxy_156.jpg,0.08033238
galaxy_155.jpg,0.03987537
galaxy_159.jpg,0.07812949
galaxy_158.jpg,0.1526627
galaxy_163.jpg,0.04389579
galaxy_166.jpg,0.03448851
galaxy_164.jpg,0.03625169
galaxy_161.jpg,0.0846006
galaxy_162.jpg,0.1313138
galaxy_165.jpg,0.01979533
galaxy_169.jpg,0.02835599
galaxy_160.jpg,0.1168378
galaxy_167.jpg,0.05257363
galaxy_168.jpg,0.04327054
galaxy_170.jpg,0.09563279
galaxy_157.jpg,0.05649145
galaxy_171.jpg,0.09542377
galaxy_172.jpg,0.02308712
galaxy_186.jpg,0.08295976
galaxy_184.jpg,0.05967607
galaxy_185.jpg,0.1208969
galaxy_179.jpg,0.03246343
galaxy_178.jpg,0.005278126
galaxy_181.jpg,0.1420824
galaxy_177.jpg,0.08311473
galaxy_173.jpg,0.04596086
galaxy_174.jpg,0.08795684
galaxy_175.jpg,0.006478631
galaxy_176.jpg,0.09628479
galaxy_183.jpg,0.03610019
galaxy_182.jpg,0.01783098
galaxy_187.jpg,0.07307227
galaxy_180.jpg,0.02175053
galaxy_188.jpg,0.07160563
galaxy_189.jpg,0.06613284
galaxy_190.jpg,0.04589018
galaxy_191.jpg,0.1458135
galaxy_193.jpg,0.08546026
galaxy_192.jpg,0.03680009
galaxy_195.jpg,0.03783651
galaxy_199.jpg,0.05530299
galaxy_194.jpg,0.05615441
galaxy_197.jpg,0.02913274
galaxy_198.jpg,0.07766951
galaxy_200.jpg,0.09300902
galaxy_196.jpg,0.0714097
galaxy_201.jpg,0.09176158
galaxy_202.jpg,0.08495551
galaxy_203.jpg,0.006342571
galaxy_205.jpg,0.0376284
galaxy_204.jpg,0.02191927
galaxy_206.jpg,0.02823632
galaxy_216.jpg,0.07892938
galaxy_218.jpg,0.08581732
galaxy_207.jpg,0.02303798
galaxy_214.jpg,0.03660105
galaxy_209.jpg,0.05612495
galaxy_210.jpg,0.1453321
galaxy_212.jpg,0.05602666
galaxy_215.jpg,0.1648167
galaxy_208.jpg,0.02789364
galaxy_217.jpg,0.01623661
galaxy_213.jpg,0.1302685
galaxy_211.jpg,0.03795014
galaxy_219.jpg,0.05680725
galaxy_221.jpg,0.05144281
galaxy_220.jpg,0.1785125
galaxy_222.jpg,0.06431855
galaxy_223.jpg,0.03429344
galaxy_224.jpg,0.03899849
galaxy_226.jpg,0.1376994
galaxy_225.jpg,0.1240257
galaxy_227.jpg,0.1081396
galaxy_228.jpg,0.08968855
galaxy_229.jpg,0.04331744
galaxy_231.jpg,0.02823341
galaxy_230.jpg,0.06062727
galaxy_232.jpg,0.02516334
galaxy_234.jpg,0.1064652
galaxy_233.jpg,0.07348091
galaxy_235.jpg,0.06343265
galaxy_236.jpg,0.03158771
galaxy_237.jpg,0.164622
galaxy_238.jpg,0.1504495
galaxy_239.jpg,0.08249043
galaxy_242.jpg,0.1313956
galaxy_247.jpg,0.04572166
galaxy_243.jpg,0.1093592
galaxy_245.jpg,0.03600159
galaxy_248.jpg,0.05037844
galaxy_240.jpg,0.05600625
galaxy_241.jpg,0.04879876
galaxy_244.jpg,0.1048367
galaxy_246.jpg,0.03674582
galaxy_249.jpg,0.07249189
galaxy_250.jpg,0.08551934
galaxy_251.jpg,0.05474775
galaxy_252.jpg,0.1096895
galaxy_253.jpg,0.1134541
galaxy_254.jpg,0.07682271
galaxy_255.jpg,0.1213679
galaxy_257.jpg,0.0769539
galaxy_256.jpg,0.1129527
galaxy_259.jpg,0.1170992
galaxy_261.jpg,0.05104952
galaxy_260.jpg,0.09919374
galaxy_258.jpg,0.2537448
galaxy_264.jpg,0.02467782
galaxy_263.jpg,0.1054671
galaxy_262.jpg,0.1261937
galaxy_265.jpg,0.1068367
galaxy_266.jpg,0.1397839
galaxy_267.jpg,0.1303879
galaxy_268.jpg,0.02228425
galaxy_269.jpg,0.1024572
galaxy_270.jpg,0.1243763
galaxy_277.jpg,0.04619088
galaxy_272.jpg,0.08444914
galaxy_273.jpg,0.09766117
galaxy_274.jpg,0.08901054
galaxy_271.jpg,0.08388709
galaxy_275.jpg,0.0285575
galaxy_276.jpg,0.002955104
galaxy_278.jpg,0.01885799
galaxy_281.jpg,0.07989423
galaxy_280.jpg,0.07387015
galaxy_279.jpg,0.05139021
galaxy_282.jpg,0.03587253
galaxy_283.jpg,0.09906225
galaxy_285.jpg,0.07140854
galaxy_284.jpg,0.08863652
galaxy_286.jpg,0.134177
galaxy_287.jpg,0.1033024
galaxy_288.jpg,0.1479141
galaxy_289.jpg,0.1378634
galaxy_290.jpg,0.06939279
galaxy_294.jpg,0.01213963
galaxy_292.jpg,0.08372271
galaxy_291.jpg,0.03346369
galaxy_293.jpg,0.04902162
galaxy_295.jpg,0.1084199
galaxy_296.jpg,0.1362179
galaxy_298.jpg,0.09926503
galaxy_297.jpg,0.06216529
galaxy_299.jpg,0.07656093
galaxy_300.jpg,0.1454661
galaxy_302.jpg,0.0651153
galaxy_307.jpg,0.07702054
galaxy_305.jpg,0.1408389
galaxy_301.jpg,0.1253164
galaxy_303.jpg,0.1393381
galaxy_306.jpg,0.06677693
galaxy_304.jpg,0.3232422
galaxy_308.jpg,0.004120854
galaxy_309.jpg,0.1814174
galaxy_311.jpg,0.04822419
galaxy_310.jpg,0.09589524
galaxy_312.jpg,0.08368375
galaxy_313.jpg,0.09325693
galaxy_314.jpg,0.09427845
galaxy_315.jpg,0.1332782
galaxy_319.jpg,0.07399656
galaxy_317.jpg,0.1275709
galaxy_318.jpg,0.07759438
galaxy_323.jpg,0.0386328
galaxy_316.jpg,0.05988188
galaxy_320.jpg,0.06950577
galaxy_321.jpg,0.07813556
galaxy_322.jpg,0.05679235
galaxy_324.jpg,0.1029809
galaxy_325.jpg,0.08491473
galaxy_327.jpg,0.1639646
galaxy_328.jpg,0.07659891
galaxy_326.jpg,0.1260404
galaxy_329.jpg,0.1640364
galaxy_330.jpg,0.07893713
galaxy_333.jpg,0.03829816
galaxy_331.jpg,0.1276452
galaxy_334.jpg,0.02798844
galaxy_332.jpg,0.08997384
galaxy_335.jpg,0.1242582
galaxy_336.jpg,0.1025127
galaxy_337.jpg,0.08206927
galaxy_338.jpg,0.02395591
galaxy_339.jpg,0.1308027
galaxy_340.jpg,0.04783304
galaxy_341.jpg,0.07593441
galaxy_342.jpg,0.05385926
galaxy_343.jpg,0.04569846
galaxy_345.jpg,0.01906901
galaxy_348.jpg,0.0924328
galaxy_347.jpg,0.08355337
galaxy_344.jpg,0.08594441
galaxy_346.jpg,0.1065665
galaxy_350.jpg,0.05197171
galaxy_352.jpg,0.03325611
galaxy_349.jpg,0.1025317
galaxy_351.jpg,0.05460525
galaxy_353.jpg,0.128926
galaxy_354.jpg,0.09443568
galaxy_355.jpg,0.06182702
galaxy_357.jpg,0.113532
galaxy_356.jpg,0.05317422
galaxy_358.jpg,0.09821387
galaxy_359.jpg,0.05732402
galaxy_360.jpg,0.09835088
galaxy_362.jpg,0.03199345
galaxy_361.jpg,0.07788119
galaxy_363.jpg,0.08863238
galaxy_365.jpg,0.02208093
galaxy_368.jpg,0.03224107
galaxy_367.jpg,0.1044255
galaxy_364.jpg,0.05801063
galaxy_366.jpg,0.04489456
galaxy_370.jpg,0.04181881
galaxy_369.jpg,0.03008824
galaxy_372.jpg,0.07678051
galaxy_371.jpg,0.07961842
galaxy_376.jpg,0.03035205
galaxy_373.jpg,0.1137679
galaxy_374.jpg,0.04334891
galaxy_375.jpg,0.06054435
galaxy_378.jpg,0.03818426
galaxy_380.jpg,0.136694
galaxy_381.jpg,0.07340063
galaxy_382.jpg,0.1001334
galaxy_385.jpg,0.050161
galaxy_383.jpg,0.1024531
galaxy_379.jpg,0.11984
galaxy_384.jpg,0.01625065
galaxy_377.jpg,0.09345017
galaxy_387.jpg,0.07742657
galaxy_386.jpg,0.07652099
galaxy_388.jpg,0.04099072
galaxy_389.jpg,0.09441791
galaxy_390.jpg,0.069649
galaxy_391.jpg,0.03234835
galaxy_399.jpg,0.05061207
galaxy_402.jpg,0.07313969
galaxy_400.jpg,0.08245505
galaxy_394.jpg,0.08014467
galaxy_401.jpg,0.08026446
galaxy_392.jpg,0.124054
galaxy_393.jpg,0.1367877
galaxy_403.jpg,0.09552342
galaxy_397.jpg,0.06919654
galaxy_396.jpg,0.0715261
galaxy_398.jpg,0.005348514
galaxy_395.jpg,0.08064549
galaxy_406.jpg,0.0857488
galaxy_404.jpg,0.02738986
galaxy_411.jpg,0.1837641
galaxy_407.jpg,0.07453123
galaxy_409.jpg,0.1022147
galaxy_408.jpg,0.1696186
galaxy_405.jpg,0.1253832
galaxy_415.jpg,0.1595081
galaxy_413.jpg,0.07876763
galaxy_412.jpg,0.0876964
galaxy_410.jpg,0.07827859
galaxy_414.jpg,0.02399185
galaxy_417.jpg,0.0477103
galaxy_416.jpg,0.08240993
galaxy_418.jpg,0.1230306
galaxy_419.jpg,0.09685551
galaxy_420.jpg,0.07760553
galaxy_421.jpg,0.07685012
galaxy_422.jpg,0.07214907
galaxy_424.jpg,0.1045477
galaxy_423.jpg,0.06574766
galaxy_429.jpg,0.0426606
galaxy_426.jpg,0.06537411
galaxy_434.jpg,0.08018914
galaxy_438.jpg,0.05811097
galaxy_435.jpg,0.0460419
galaxy_437.jpg,0.1194272
galaxy_436.jpg,0.1778658
galaxy_425.jpg,0.02336253
galaxy_439.jpg,0.1298191
galaxy_428.jpg,0.07641567
galaxy_440.jpg,0.1213785
galaxy_446.jpg,0.08418243
galaxy_444.jpg,0.06715722
galaxy_443.jpg,0.04142066
galaxy_442.jpg,0.07959736
galaxy_430.jpg,0.08748508
galaxy_441.jpg,0.1401719
galaxy_427.jpg,0.07619952
galaxy_445.jpg,0.05011883
galaxy_447.jpg,0.1154616
galaxy_431.jpg,0.06220303
galaxy_433.jpg,0.1002478
galaxy_432.jpg,0.1345541
galaxy_452.jpg,0.07179104
galaxy_448.jpg,0.7854692
galaxy_450.jpg,0.06268171
galaxy_453.jpg,0.1035334
galaxy_454.jpg,0.1330137
galaxy_451.jpg,0.1067441
galaxy_449.jpg,0.06808077
galaxy_455.jpg,0.02694401
galaxy_456.jpg,0.1652823
galaxy_457.jpg,0.04210515
galaxy_458.jpg,0.02846583
galaxy_459.jpg,0.08606753
galaxy_460.jpg,0.0414331
galaxy_461.jpg,0.07206224
galaxy_462.jpg,0.08511535
galaxy_465.jpg,0.1550717
galaxy_463.jpg,0.07020754
galaxy_466.jpg,0.07741384
galaxy_464.jpg,0.09217949
galaxy_467.jpg,0.1667342
galaxy_468.jpg,0.09034033
galaxy_469.jpg,0.02657746
galaxy_473.jpg,0.05678917
galaxy_470.jpg,0.04771312
galaxy_472.jpg,0.06723735
galaxy_474.jpg,0.09918233
galaxy_475.jpg,0.008045804
galaxy_471.jpg,0.05607562
galaxy_476.jpg,0.07743615
galaxy_477.jpg,0.05283286
galaxy_479.jpg,0.08334256
galaxy_483.jpg,0.01337418
galaxy_481.jpg,0.1198195
galaxy_482.jpg,0.04642029
galaxy_478.jpg,0.08914857
galaxy_485.jpg,0.08256974
galaxy_480.jpg,0.05125373
galaxy_484.jpg,0.04381674
galaxy_486.jpg,0.13644
galaxy_487.jpg,0.1196695
galaxy_488.jpg,0.08514207
galaxy_490.jpg,0.08733584
galaxy_489.jpg,0.03061206
galaxy_491.jpg,0.06785221
galaxy_492.jpg,0.1032017
galaxy_493.jpg,0.07447278
galaxy_496.jpg,0.03892695
galaxy_494.jpg,0.02148156
galaxy_497.jpg,0.1146938
galaxy_498.jpg,0.03689807
galaxy_495.jpg,0.1117806
galaxy_499.jpg,0.1050408
galaxy_502.jpg,0.03361247
galaxy_500.jpg,0.1389029
galaxy_503.jpg,0.0144143
galaxy_501.jpg,0.07620703
galaxy_504.jpg,0.1801064
galaxy_505.jpg,0.1138334
galaxy_507.jpg,0.0
galaxy_508.jpg,0.1443973
galaxy_506.jpg,0.1536334
galaxy_511.jpg,0.08373743
galaxy_515.jpg,0.1098046
galaxy_513.jpg,0.0682815
galaxy_512.jpg,0.06796223
galaxy_510.jpg,0.04150405
galaxy_514.jpg,0.07207641
galaxy_509.jpg,0.04472357
galaxy_516.jpg,0.03953834
galaxy_517.jpg,0.06645985
galaxy_518.jpg,0.05946808
galaxy_519.jpg,0.09573682
galaxy_521.jpg,0.07355382
galaxy_522.jpg,0.06862553
galaxy_520.jpg,0.09629659
galaxy_523.jpg,0.02765166
galaxy_524.jpg,0.0704526
galaxy_528.jpg,0.02517336
galaxy_525.jpg,0.09182233
galaxy_527.jpg,0.04625501
galaxy_530.jpg,0.06716571
galaxy_526.jpg,0.04131785
galaxy_529.jpg,0.1004947
galaxy_531.jpg,0.08641179
galaxy_532.jpg,0.04259486
galaxy_533.jpg,0.1718849
galaxy_535.jpg,0.1544569
galaxy_534.jpg,0.0404985
galaxy_538.jpg,0.01994092
galaxy_537.jpg,0.07649436
galaxy_536.jpg,0.135289
galaxy_539.jpg,0.0678203
galaxy_542.jpg,0.0721513
galaxy_541.jpg,0.0681306
galaxy_540.jpg,0.06692766
galaxy_545.jpg,0.05424989
galaxy_544.jpg,0.1108041
galaxy_543.jpg,0.07516289
galaxy_546.jpg,0.08414709
galaxy_547.jpg,0.09444475
galaxy_548.jpg,0.1146127
galaxy_550.jpg,0.08762819
galaxy_549.jpg,0.02319042
galaxy_552.jpg,0.04487334
galaxy_551.jpg,0.04282248
galaxy_558.jpg,0.003532757
galaxy_553.jpg,0.04199085
galaxy_556.jpg,0.1363438
galaxy_555.jpg,0.02173863
galaxy_560.jpg,0.0548824
galaxy_559.jpg,0.06241216
galaxy_557.jpg,0.0800675
galaxy_554.jpg,0.05145674
galaxy_562.jpg,0.065627
galaxy_561.jpg,0.1149725
galaxy_563.jpg,0.1406879
galaxy_565.jpg,0.09865484
galaxy_564.jpg,0.1653913
galaxy_566.jpg,0.04490867
galaxy_567.jpg,0.05128442
galaxy_569.jpg,0.09581263
galaxy_572.jpg,0.03023336
galaxy_571.jpg,0.1435468
galaxy_568.jpg,0.01240925
galaxy_575.jpg,0.1194559
galaxy_570.jpg,0.05911654
galaxy_576.jpg,0.06678169
galaxy_574.jpg,0.06040675
galaxy_573.jpg,0.04929948
galaxy_577.jpg,0.07438788
galaxy_578.jpg,0.06961843
galaxy_580.jpg,0.05301553
galaxy_579.jpg,0.07001683
galaxy_581.jpg,0.1001301
galaxy_585.jpg,0.1029471
galaxy_589.jpg,0.07830956
galaxy_588.jpg,0.08938591
galaxy_591.jpg,0.04905525
galaxy_587.jpg,0.04880829
galaxy_592.jpg,0.03585255
galaxy_586.jpg,0.02122282
galaxy_584.jpg,0.06309755
galaxy_595.jpg,0.03534944
galaxy_582.jpg,0.008695109
galaxy_590.jpg,0.1562146
galaxy_598.jpg,0.1462757
galaxy_583.jpg,0.07225497
galaxy_603.jpg,0.02513117
galaxy_600.jpg,0.07760321
galaxy_602.jpg,0.1157576
galaxy_593.jpg,0.06661054
galaxy_604.jpg,0.02133682
galaxy_607.jpg,0.1248748
galaxy_594.jpg,0.08396645
galaxy_596.jpg,0.02218697
galaxy_608.jpg,0.08196124
galaxy_597.jpg,0.1274105
galaxy_609.jpg,0.1046401
galaxy_599.jpg,0.1373722
galaxy_611.jpg,0.2084365
galaxy_605.jpg,0.08096626
galaxy_610.jpg,0.0996368
galaxy_606.jpg,0.1120746
galaxy_614.jpg,0.1306479
galaxy_601.jpg,0.1178232
galaxy_613.jpg,0.06719487
galaxy_612.jpg,0.1320416
galaxy_618.jpg,0.1111198
galaxy_619.jpg,0.159897
galaxy_615.jpg,0.117452
galaxy_616.jpg,0.07961163
galaxy_617.jpg,0.06783732
galaxy_620.jpg,0.1198979
galaxy_627.jpg,0.06156577
galaxy_626.jpg,0.09184829
galaxy_625.jpg,0.0921497
galaxy_623.jpg,0.1009649
galaxy_621.jpg,0.08164681
galaxy_629.jpg,0.04535823
galaxy_630.jpg,0.08386636
galaxy_633.jpg,0.03239608
galaxy_624.jpg,0.05688699
galaxy_635.jpg,0.1733315
galaxy_622.jpg,0.1286529
galaxy_637.jpg,0.2101538
galaxy_628.jpg,0.1331635
galaxy_639.jpg,0.1256166
galaxy_631.jpg,0.06017501
galaxy_634.jpg,0.04609136
galaxy_632.jpg,0.1218225
galaxy_641.jpg,0.01498265
galaxy_643.jpg,0.08512983
galaxy_646.jpg,0.06680024
galaxy_644.jpg,0.05453527
galaxy_645.jpg,0.06095994
galaxy_648.jpg,0.02212189
galaxy_647.jpg,0.02041742
galaxy_649.jpg,0.06927422
galaxy_650.jpg,0.1268235
galaxy_636.jpg,0.09951933
galaxy_651.jpg,0.06836958
galaxy_638.jpg,0.08149405
galaxy_652.jpg,0.07956015
galaxy_654.jpg,0.1078834
galaxy_642.jpg,0.03595289
galaxy_653.jpg,0.07271829
galaxy_640.jpg,0.06652665
galaxy_656.jpg,0.02923407
galaxy_658.jpg,0.05886917
galaxy_657.jpg,0.05125462
galaxy_660.jpg,0.03988576
galaxy_655.jpg,0.08387505
galaxy_662.jpg,0.07122187
galaxy_664.jpg,0.1988638
galaxy_659.jpg,0.1285755
galaxy_661.jpg,0.08804115
galaxy_668.jpg,0.1464873
galaxy_669.jpg,0.09995391
galaxy_671.jpg,0.07348491
galaxy_663.jpg,0.09608167
galaxy_670.jpg,0.09223218
galaxy_665.jpg,0.1368055
galaxy_674.jpg,0.04361564
galaxy_672.jpg,0.02541662
galaxy_676.jpg,0.08571752
galaxy_675.jpg,0.07794146
galaxy_673.jpg,0.06646752
galaxy_667.jpg,0.1242121
galaxy_683.jpg,0.09802324
galaxy_678.jpg,0.01931153
galaxy_685.jpg,0.08592108
galaxy_680.jpg,0.0491502
galaxy_681.jpg,0.05642506
galaxy_666.jpg,0.06195805
galaxy_686.jpg,0.08105052
galaxy_687.jpg,0.1083745
galaxy_688.jpg,0.1134469
galaxy_690.jpg,0.03862824
galaxy_677.jpg,0.09547887
galaxy_684.jpg,0.07830053
galaxy_682.jpg,0.07463899
galaxy_679.jpg,0.06227617
galaxy_691.jpg,0.02290024
galaxy_689.jpg,0.05735135
galaxy_694.jpg,0.06226544
galaxy_695.jpg,0.03690741
galaxy_692.jpg,0.07741303
galaxy_696.jpg,0.07181372
galaxy_693.jpg,0.1285782
galaxy_698.jpg,0.0444023
galaxy_697.jpg,0.06569681
galaxy_701.jpg,0.05429864
galaxy_702.jpg,0.05181001
galaxy_700.jpg,0.06414117
galaxy_703.jpg,0.1183646
galaxy_704.jpg,0.07451203
galaxy_709.jpg,0.03494146
galaxy_707.jpg,0.02193304
galaxy_710.jpg,0.0611262
galaxy_706.jpg,0.1911299
galaxy_699.jpg,0.1074393
galaxy_715.jpg,0.1121678
galaxy_708.jpg,0.03480775
galaxy_713.jpg,0.09914467
galaxy_714.jpg,0.07758257
galaxy_712.jpg,0.08017378
galaxy_720.jpg,0.0672821
galaxy_705.jpg,0.1250691
galaxy_722.jpg,0.02057751
galaxy_723.jpg,0.1026237
galaxy_711.jpg,0.04626086
galaxy_718.jpg,0.08552749
galaxy_716.jpg,0.0840851
galaxy_725.jpg,0.05477645
galaxy_719.jpg,0.1563322
galaxy_721.jpg,0.03950118
galaxy_717.jpg,0.05360641
galaxy_727.jpg,0.1256584
galaxy_726.jpg,0.07144848
galaxy_724.jpg,0.05451584
galaxy_728.jpg,0.1105728
galaxy_729.jpg,0.1238163
galaxy_730.jpg,0.1143921
galaxy_732.jpg,0.1480387
galaxy_731.jpg,0.05617404
galaxy_733.jpg,0.03393456
galaxy_735.jpg,0.06924802
galaxy_736.jpg,0.02522031
galaxy_741.jpg,0.1163665
galaxy_734.jpg,0.06145182
galaxy_742.jpg,0.07820351
galaxy_739.jpg,0.0837595
galaxy_740.jpg,0.0887456
galaxy_737.jpg,0.1301324
galaxy_744.jpg,0.1428361
galaxy_743.jpg,0.06664841
galaxy_738.jpg,0.04098958
galaxy_747.jpg,0.06598618
galaxy_746.jpg,0.0524129
galaxy_751.jpg,0.05132908
galaxy_745.jpg,0.03532897
galaxy_755.jpg,0.07263263
galaxy_749.jpg,0.03393133
galaxy_748.jpg,0.1508313
galaxy_752.jpg,0.03230694
galaxy_750.jpg,0.06528404
galaxy_754.jpg,0.03407305
galaxy_753.jpg,0.1671632
galaxy_757.jpg,0.06233191
galaxy_756.jpg,0.09391362
galaxy_759.jpg,0.1370553
galaxy_758.jpg,0.07273643
galaxy_762.jpg,0.08758026
galaxy_760.jpg,0.02545066
galaxy_761.jpg,0.138537
galaxy_763.jpg,0.1235301
galaxy_766.jpg,0.1121176
galaxy_765.jpg,0.08380908
galaxy_771.jpg,0.04455803
galaxy_764.jpg,0.02587972
galaxy_770.jpg,0.04577888
galaxy_767.jpg,0.1167483
galaxy_776.jpg,0.07460226
galaxy_769.jpg,0.03599632
galaxy_772.jpg,0.03932818
galaxy_768.jpg,0.06289542
galaxy_773.jpg,0.08482633
galaxy_777.jpg,0.1286175
galaxy_779.jpg,0.09311374
galaxy_775.jpg,0.06602494
galaxy_774.jpg,0.06771615
galaxy_778.jpg,0.07049278
galaxy_788.jpg,0.1017403
galaxy_791.jpg,0.03524749
galaxy_781.jpg,0.03220179
galaxy_790.jpg,0.05670175
galaxy_792.jpg,0.1000495
galaxy_780.jpg,0.02567209
galaxy_793.jpg,0.05101951
galaxy_782.jpg,0.1146842
galaxy_785.jpg,0.1109785
galaxy_786.jpg,0.02764637
galaxy_787.jpg,0.06694433
galaxy_784.jpg,0.1165459
galaxy_783.jpg,0.04452823
galaxy_789.jpg,0.04909482
galaxy_796.jpg,0.02469823
galaxy_799.jpg,0.2026991
galaxy_797.jpg,0.1304501
galaxy_794.jpg,0.1295443
galaxy_795.jpg,0.03689209
galaxy_798.jpg,0.05501322
galaxy_802.jpg,0.05759979
galaxy_801.jpg,0.1022126
galaxy_800.jpg,0.1120838
galaxy_803.jpg,0.0539566
galaxy_804.jpg,0.05166736
galaxy_805.jpg,0.05351594
galaxy_806.jpg,0.09527725
galaxy_808.jpg,0.02422025
galaxy_807.jpg,0.05460639
galaxy_810.jpg,0.1199244
galaxy_811.jpg,0.08934709
galaxy_809.jpg,0.0973511
galaxy_814.jpg,0.0403714
galaxy_813.jpg,0.09117937
galaxy_816.jpg,0.02427462
galaxy_812.jpg,0.1042495
galaxy_815.jpg,0.05369467
galaxy_817.jpg,0.0661359
galaxy_821.jpg,0.0451941
galaxy_818.jpg,0.04205411
galaxy_820.jpg,0.0462839
galaxy_822.jpg,0.1095726
galaxy_819.jpg,0.09660082
galaxy_823.jpg,0.3347504
galaxy_824.jpg,0.1074845
galaxy_825.jpg,0.1274288
galaxy_826.jpg,0.07730102
galaxy_829.jpg,0.09421172
galaxy_827.jpg,0.1204022
galaxy_828.jpg,0.0852924
galaxy_830.jpg,0.01577623
galaxy_832.jpg,0.1167922
galaxy_831.jpg,0.07468031
galaxy_833.jpg,0.1036076
galaxy_834.jpg,0.07038391
galaxy_835.jpg,0.167911
galaxy_837.jpg,0.03060316
galaxy_839.jpg,0.1204172
galaxy_838.jpg,0.1360248
galaxy_836.jpg,0.08566254
galaxy_840.jpg,0.05540932
galaxy_841.jpg,0.1110985
galaxy_844.jpg,0.08984301
galaxy_842.jpg,0.07383242
galaxy_845.jpg,0.03306643
galaxy_843.jpg,0.06105191
galaxy_846.jpg,0.1121
galaxy_847.jpg,0.03188735
galaxy_848.jpg,0.006190281
galaxy_851.jpg,0.06676109
galaxy_852.jpg,0.01632289
galaxy_850.jpg,0.06664559
galaxy_849.jpg,0.05730885
galaxy_853.jpg,0.09819764
galaxy_854.jpg,0.05243253
galaxy_855.jpg,0.06802826
galaxy_856.jpg,0.03229443
galaxy_858.jpg,0.03412346
galaxy_857.jpg,0.07971439
galaxy_859.jpg,0.0618621
galaxy_861.jpg,0.04861883
galaxy_860.jpg,0.0915949
galaxy_862.jpg,0.1396852
galaxy_863.jpg,0.04154114
galaxy_864.jpg,0.07219256
galaxy_865.jpg,0.06998923
galaxy_866.jpg,0.03347224
galaxy_867.jpg,0.0660605
galaxy_868.jpg,0.07928143
galaxy_869.jpg,0.06825783
galaxy_870.jpg,0.07048562
galaxy_874.jpg,0.07014348
galaxy_876.jpg,0.09623627
galaxy_871.jpg,0.09590987
galaxy_875.jpg,0.1106761
galaxy_873.jpg,0.1090892
galaxy_872.jpg,0.06339619
galaxy_877.jpg,0.03760549
galaxy_879.jpg,0.1081828
galaxy_880.jpg,0.1583245
galaxy_881.jpg,0.04027313
galaxy_878.jpg,0.04814621
galaxy_882.jpg,0.03906121
galaxy_883.jpg,0.09790074
galaxy_884.jpg,0.08232117
galaxy_885.jpg,0.02010672
galaxy_886.jpg,0.06081197
galaxy_888.jpg,0.118056
galaxy_887.jpg,0.155102
galaxy_889.jpg,0.06849671
galaxy_891.jpg,0.060407
galaxy_892.jpg,0.08269752
galaxy_890.jpg,0.05484386
galaxy_893.jpg,0.07695767
galaxy_894.jpg,0.04646964
galaxy_895.jpg,0.08428401
galaxy_896.jpg,0.04936721
galaxy_897.jpg,0.1250241
galaxy_898.jpg,0.04787845
galaxy_899.jpg,0.04587482
galaxy_901.jpg,0.06156222
galaxy_900.jpg,0.01550459
galaxy_905.jpg,0.04986571
galaxy_903.jpg,0.07429706
galaxy_906.jpg,0.1077848
galaxy_902.jpg,0.1485109
galaxy_904.jpg,0.05481492
galaxy_907.jpg,0.04418607
galaxy_908.jpg,0.0277732
galaxy_909.jpg,0.1720476
galaxy_911.jpg,0.121077
galaxy_912.jpg,0.03367543
galaxy_910.jpg,0.05922851
galaxy_913.jpg,0.05608729
galaxy_914.jpg,0.07028709
galaxy_915.jpg,0.053907
galaxy_916.jpg,0.1213411
galaxy_917.jpg,0.05251205
galaxy_918.jpg,0.09579913
galaxy_919.jpg,0.09610032
galaxy_920.jpg,0.08067691
galaxy_921.jpg,0.0853492
galaxy_922.jpg,0.09117217
galaxy_923.jpg,0.05087622
galaxy_924.jpg,0.04331512
galaxy_925.jpg,0.04093252
galaxy_926.jpg,0.07336847
galaxy_927.jpg,0.05312683
galaxy_928.jpg,0.1293735
galaxy_930.jpg,0.0364438
galaxy_929.jpg,0.07687955
galaxy_933.jpg,0.06218256
galaxy_931.jpg,0.1631218
galaxy_932.jpg,0.03689371
galaxy_934.jpg,0.03606661
galaxy_936.jpg,0.07950422
galaxy_935.jpg,0.08384167
galaxy_937.jpg,0.06348983
galaxy_939.jpg,0.1152746
galaxy_938.jpg,0.1192197
galaxy_940.jpg,0.09222732
galaxy_941.jpg,0.01646088
galaxy_942.jpg,0.08079235
galaxy_943.jpg,0.06273825
galaxy_944.jpg,0.09440763
galaxy_945.jpg,0.1043554
galaxy_947.jpg,0.04436344
galaxy_946.jpg,0.1184779
galaxy_949.jpg,0.1006175
galaxy_948.jpg,0.0202565
galaxy_953.jpg,0.06951512
galaxy_950.jpg,0.02356981
galaxy_951.jpg,0.08737121
galaxy_952.jpg,0.09792156
galaxy_954.jpg,0.06884421
galaxy_955.jpg,0.1629978
galaxy_956.jpg,0.09683632
galaxy_957.jpg,0.07957641
galaxy_959.jpg,0.0856385
galaxy_958.jpg,0.08708133
galaxy_962.jpg,0.1657251
galaxy_960.jpg,0.1085329
galaxy_963.jpg,0.1135081
galaxy_961.jpg,0.101827
galaxy_964.jpg,0.08705093
galaxy_965.jpg,0.08152259
galaxy_967.jpg,0.05387743
galaxy_966.jpg,0.1521475
galaxy_968.jpg,0.07177694
galaxy_969.jpg,0.01869087
galaxy_970.jpg,0.08221833
galaxy_971.jpg,0.1050059
galaxy_973.jpg,0.03076822
galaxy_972.jpg,0.07712575
galaxy_974.jpg,0.02917324
galaxy_975.jpg,0.05311374
galaxy_979.jpg,0.09418505
galaxy_976.jpg,0.08153588
galaxy_977.jpg,0.01195358
galaxy_978.jpg,0.03033645
galaxy_980.jpg,0.02660205
galaxy_981.jpg,0.05369834
galaxy_983.jpg,0.02948424
galaxy_982.jpg,0.03231802
galaxy_984.jpg,0.05149065
galaxy_985.jpg,0.06238021
galaxy_987.jpg,0.1155955
galaxy_986.jpg,0.1529569
galaxy_989.jpg,0.02459529
galaxy_988.jpg,0.02861651
galaxy_990.jpg,0.06894809
galaxy_992.jpg,0.05828995
galaxy_994.jpg,0.0592511
galaxy_993.jpg,0.127025
galaxy_995.jpg,0.04619598
galaxy_991.jpg,0.1721232
galaxy_996.jpg,0.02166905
galaxy_997.jpg,0.03015933
galaxy_998.jpg,0.07994501
galaxy_999.jpg,0.04593957
galaxy_1000.jpg,0.07326742
galaxy_1001.jpg,0.04426703
galaxy_1002.jpg,0.04298776
galaxy_1003.jpg,0.1044276
galaxy_1004.jpg,0.07907759
galaxy_1005.jpg,0.12109
galaxy_1006.jpg,0.09762383
galaxy_1009.jpg,0.07724245
galaxy_1008.jpg,0.1400673
galaxy_1007.jpg,0.1498575
galaxy_1010.jpg,0.02588828
galaxy_1011.jpg,0.08168808
galaxy_1013.jpg,0.07082757
galaxy_1012.jpg,0.0498831
galaxy_1014.jpg,0.07857314
galaxy_1015.jpg,0.09863664
galaxy_1017.jpg,0.1819098
galaxy_1016.jpg,0.1261158
galaxy_1018.jpg,0.06570604
galaxy_1019.jpg,0.07656606
galaxy_1020.jpg,0.08273616
galaxy_1023.jpg,0.07723813
galaxy_1021.jpg,0.0436254
galaxy_1024.jpg,0.103857
galaxy_1027.jpg,0.05444496
galaxy_1022.jpg,0.06452116
galaxy_1025.jpg,0.1176246
galaxy_1026.jpg,0.06288294
galaxy_1028.jpg,0.06447878
galaxy_1029.jpg,0.1867723
galaxy_1030.jpg,0.04603095
galaxy_1031.jpg,0.1734349
galaxy_1032.jpg,0.0803081
galaxy_1033.jpg,0.07935075
galaxy_1034.jpg,0.03944385
galaxy_1035.jpg,0.07465319
galaxy_1036.jpg,0.08470917
galaxy_1037.jpg,0.1412614
galaxy_1038.jpg,0.05309742
galaxy_1039.jpg,0.1083838
galaxy_1040.jpg,0.03515251
galaxy_1042.jpg,0.1266744
galaxy_1041.jpg,0.07680662
galaxy_1043.jpg,0.04773305
galaxy_1045.jpg,0.1246059
galaxy_1044.jpg,0.03448247
galaxy_1046.jpg,0.05409427
galaxy_1047.jpg,0.1727173
galaxy_1049.jpg,0.02599834
galaxy_1048.jpg,0.08172284
galaxy_1050.jpg,0.0130668
galaxy_1052.jpg,0.05416752
galaxy_1051.jpg,0.1275295
galaxy_1057.jpg,0.1252986
galaxy_1053.jpg,0.1525348
galaxy_1056.jpg,0.07687709
galaxy_1054.jpg,0.07233793
galaxy_1058.jpg,0.1069799
galaxy_1055.jpg,0.056394
galaxy_1059.jpg,0.03626129
galaxy_1061.jpg,0.03217877
galaxy_1060.jpg,0.06621332
galaxy_1062.jpg,0.06863069
galaxy_1063.jpg,0.1072665
galaxy_1064.jpg,0.06687561
galaxy_1065.jpg,0.08306369
galaxy_1066.jpg,0.1608484
galaxy_1069.jpg,0.0750481
galaxy_1067.jpg,0.0286315
galaxy_1068.jpg,0.09005008
galaxy_1071.jpg,0.07471793
galaxy_1070.jpg,0.01666594
galaxy_1072.jpg,0.03843006
galaxy_1073.jpg,0.09918548
galaxy_1074.jpg,0.02596119
galaxy_1076.jpg,0.1193323
galaxy_1077.jpg,0.08023632
galaxy_1075.jpg,0.06411525
galaxy_1078.jpg,0.1327073
galaxy_1079.jpg,0.09709498
galaxy_1080.jpg,0.02254009
galaxy_1082.jpg,0.04785923
galaxy_1081.jpg,0.08297135
galaxy_1083.jpg,0.07900126
galaxy_1084.jpg,0.1294084
galaxy_1087.jpg,0.1329159
galaxy_1085.jpg,0.07080248
galaxy_1086.jpg,0.09454839
galaxy_1091.jpg,0.06265452
galaxy_1088.jpg,0.0379768
galaxy_1092.jpg,0.0397745
galaxy_1090.jpg,0.0895092
galaxy_1089.jpg,0.06784864
galaxy_1093.jpg,0.01580816
galaxy_1094.jpg,0.030914
galaxy_1095.jpg,0.0790257
galaxy_1096.jpg,0.05593088
galaxy_1097.jpg,0.05379623
galaxy_1098.jpg,0.0814997
galaxy_1100.jpg,0.0171361
galaxy_1103.jpg,0.01316526
galaxy_1101.jpg,0.08779581
galaxy_1104.jpg,0.08640251
galaxy_1102.jpg,0.1131411
galaxy_1105.jpg,0.2064172
galaxy_1099.jpg,0.02375056
galaxy_1106.jpg,0.02596607
galaxy_1108.jpg,0.1095955
galaxy_1109.jpg,0.1684034
galaxy_1107.jpg,0.0313811
galaxy_1110.jpg,0.08429688
galaxy_1111.jpg,0.1004799
galaxy_1112.jpg,0.07528375
galaxy_1114.jpg,0.05364282
galaxy_1113.jpg,0.1046943
galaxy_1115.jpg,0.04187227
galaxy_1116.jpg,0.04759732
galaxy_1119.jpg,0.1616458
galaxy_1117.jpg,0.08221994
galaxy_1118.jpg,0.1558907
galaxy_1121.jpg,0.03234868
galaxy_1120.jpg,0.05589181
galaxy_1122.jpg,0.1144514
galaxy_1123.jpg,0.05133406
galaxy_1125.jpg,0.0830263
galaxy_1124.jpg,0.01072261
galaxy_1127.jpg,0.1028006
galaxy_1126.jpg,0.1080702
galaxy_1128.jpg,0.08262575
galaxy_1132.jpg,0.05622218
galaxy_1129.jpg,0.06506977
galaxy_1131.jpg,0.1429961
galaxy_1130.jpg,0.02087503
galaxy_1133.jpg,0.06954112
galaxy_1135.jpg,0.06341764
galaxy_1134.jpg,0.02057438
galaxy_1137.jpg,0.131955
galaxy_1138.jpg,0.06574099
galaxy_1136.jpg,0.07639315
galaxy_1139.jpg,0.06402238
galaxy_1140.jpg,0.07575344
galaxy_1142.jpg,0.08483598
galaxy_1141.jpg,0.1193121
galaxy_1143.jpg,0.08089246
galaxy_1144.jpg,0.1464089
galaxy_1147.jpg,0.1482795
galaxy_1146.jpg,0.1006879
galaxy_1145.jpg,0.09092774
galaxy_1148.jpg,0.03899244
galaxy_1149.jpg,0.07488275
galaxy_1150.jpg,0.0663925
galaxy_1152.jpg,0.004080323
galaxy_1151.jpg,0.07129049
galaxy_1153.jpg,0.07416931
galaxy_1154.jpg,0.1107402
galaxy_1155.jpg,0.01676523
galaxy_1156.jpg,0.1262622
galaxy_1157.jpg,0.08063264
galaxy_1158.jpg,0.06388192
galaxy_1160.jpg,0.07275121
galaxy_1159.jpg,0.1070039
galaxy_1162.jpg,0.07899567
galaxy_1161.jpg,0.08235023
galaxy_1163.jpg,0.07373862
galaxy_1165.jpg,0.1427878
galaxy_1164.jpg,0.07410645
galaxy_1166.jpg,0.1660672
galaxy_1167.jpg,0.09030901
galaxy_1168.jpg,0.05781132
galaxy_1169.jpg,0.09748572
galaxy_1170.jpg,0.1108847
galaxy_1171.jpg,0.05047514
galaxy_1172.jpg,0.03951953
galaxy_1173.jpg,0.1129512
galaxy_1174.jpg,0.02377091
galaxy_1175.jpg,0.07261588
galaxy_1178.jpg,0.07486957
galaxy_1179.jpg,0.0879248
galaxy_1177.jpg,0.04594771
galaxy_1176.jpg,0.08398134
galaxy_1182.jpg,0.08081995
galaxy_1180.jpg,0.04880184
galaxy_1181.jpg,0.1504531
galaxy_1183.jpg,0.06992906
galaxy_1184.jpg,0.1726487
galaxy_1185.jpg,0.09192926
galaxy_1187.jpg,0.05735177
galaxy_1186.jpg,0.03672326
galaxy_1188.jpg,0.1022389
galaxy_1189.jpg,0.0645337
galaxy_1191.jpg,0.05966293
galaxy_1190.jpg,0.1033384
galaxy_1193.jpg,0.1921612
galaxy_1192.jpg,0.05396923
galaxy_1196.jpg,0.06153583
galaxy_1195.jpg,0.07101648
galaxy_1194.jpg,0.07219155
galaxy_1197.jpg,0.06783766
galaxy_1199.jpg,0.1326424
galaxy_1198.jpg,0.08358075
galaxy_1201.jpg,0.05162596
galaxy_1200.jpg,0.12612
galaxy_1203.jpg,0.06602185
galaxy_1202.jpg,0.1581806
galaxy_1204.jpg,0.09432431
galaxy_1205.jpg,0.1559255
galaxy_1207.jpg,0.02521543
galaxy_1210.jpg,0.08891609
galaxy_1206.jpg,0.1537355
galaxy_1208.jpg,0.09394599
galaxy_1211.jpg,0.08515789
galaxy_1212.jpg,0.04813547
galaxy_1209.jpg,0.1157859
galaxy_1213.jpg,0.09712666
galaxy_1214.jpg,0.09907952
galaxy_1215.jpg,0.07056458
galaxy_1216.jpg,0.1353424
galaxy_1217.jpg,0.005285211
galaxy_1218.jpg,0.1197941
galaxy_1221.jpg,0.03591087
galaxy_1219.jpg,0.05338146
galaxy_1220.jpg,0.03948829
galaxy_1222.jpg,0.05080637
galaxy_1224.jpg,0.07723972
galaxy_1223.jpg,0.10855
galaxy_1227.jpg,0.09994728
galaxy_1225.jpg,0.09603488
galaxy_1226.jpg,0.1049584
galaxy_1229.jpg,0.09359314
galaxy_1228.jpg,0.1683089
galaxy_1231.jpg,0.08037906
galaxy_1230.jpg,0.07003703
galaxy_1232.jpg,0.05295245
galaxy_1233.jpg,0.07696924
galaxy_1234.jpg,0.05573021
galaxy_1235.jpg,0.07100486
galaxy_1236.jpg,0.07620313
galaxy_1237.jpg,0.0723842
galaxy_1239.jpg,0.1036905
galaxy_1238.jpg,0.06877647
galaxy_1240.jpg,0.05587363
galaxy_1242.jpg,0.06481888
galaxy_1241.jpg,0.07617821
galaxy_1243.jpg,0.08667961
galaxy_1244.jpg,0.09399401
galaxy_1245.jpg,0.09376729
galaxy_1246.jpg,0.0630104
galaxy_1247.jpg,0.1081694
galaxy_1248.jpg,0.06738676
galaxy_1249.jpg,0.07865398
galaxy_1251.jpg,0.06959901
galaxy_1250.jpg,0.07824893
galaxy_1254.jpg,0.07494521
galaxy_1252.jpg,0.08166894
galaxy_1253.jpg,0.06218278
galaxy_1256.jpg,0.08404441
galaxy_1257.jpg,0.06074783
galaxy_1255.jpg,0.119953
galaxy_1258.jpg,0.03619848
galaxy_1259.jpg,0.07886281
galaxy_1261.jpg,0.1251521
galaxy_1260.jpg,0.06176482
galaxy_1262.jpg,0.02439806
galaxy_1263.jpg,0.1132617
galaxy_1265.jpg,0.08589333
galaxy_1264.jpg,0.1091529
galaxy_1270.jpg,0.1493649
galaxy_1269.jpg,0.1267163
galaxy_1272.jpg,0.1093691
galaxy_1267.jpg,0.1798366
galaxy_1271.jpg,0.05489514
galaxy_1268.jpg,0.09815873
galaxy_1266.jpg,0.07962368
galaxy_1273.jpg,0.09678477
galaxy_1274.jpg,0.04651715
galaxy_1275.jpg,0.01089789
galaxy_1276.jpg,0.1388301
galaxy_1277.jpg,0.01717741
galaxy_1278.jpg,0.04825457
galaxy_1279.jpg,0.09306214
galaxy_1281.jpg,0.1304027
galaxy_1284.jpg,0.1741932
galaxy_1280.jpg,0.05818357
galaxy_1285.jpg,0.07127255
galaxy_1283.jpg,0.1442175
galaxy_1282.jpg,0.09158873
galaxy_1286.jpg,0.1717177
galaxy_1287.jpg,0.04613728
galaxy_1289.jpg,0.1433362
galaxy_1288.jpg,0.05850939
galaxy_1290.jpg,0.1112379
galaxy_1292.jpg,0.06342384
galaxy_1293.jpg,0.07145859
galaxy_1291.jpg,0.02973338
galaxy_1294.jpg,0.08672719
galaxy_1296.jpg,0.1301856
galaxy_1301.jpg,0.04797729
galaxy_1295.jpg,0.08682666
galaxy_1297.jpg,0.04984434
galaxy_1298.jpg,0.03748202
galaxy_1302.jpg,0.07819322
galaxy_1299.jpg,0.1143363
galaxy_1300.jpg,0.0491554
galaxy_1303.jpg,0.07554249
galaxy_1304.jpg,0.05617319
galaxy_1305.jpg,0.07212282
galaxy_1307.jpg,0.09776455
galaxy_1306.jpg,0.07491642
galaxy_1308.jpg,0.04840096
galaxy_1309.jpg,0.08058512
galaxy_1310.jpg,0.02813081
galaxy_1311.jpg,0.06194044
galaxy_1312.jpg,0.05245858
galaxy_1314.jpg,0.05679408
galaxy_1313.jpg,0.02972358
galaxy_1316.jpg,0.09268557
galaxy_1315.jpg,0.1246392
galaxy_1317.jpg,0.09448784
galaxy_1318.jpg,0.08223391
galaxy_1319.jpg,0.0775158
galaxy_1321.jpg,0.1148054
galaxy_1322.jpg,0.1231606
galaxy_1323.jpg,0.08454683
galaxy_1320.jpg,0.08952904
galaxy_1324.jpg,0.08337675
galaxy_1327.jpg,0.06886005
galaxy_1328.jpg,0.1136015
galaxy_1325.jpg,0.1007341
galaxy_1326.jpg,0.0807787
galaxy_1330.jpg,0.07413833
galaxy_1329.jpg,0.0363849
galaxy_1331.jpg,0.115756
galaxy_1333.jpg,0.05648306
galaxy_1332.jpg,0.1567303
galaxy_1334.jpg,0.09396005
galaxy_1335.jpg,0.101506
galaxy_1336.jpg,0.05022195
galaxy_1337.jpg,0.119869
galaxy_1338.jpg,0.0
galaxy_1340.jpg,0.08009557
galaxy_1339.jpg,0.1507189
galaxy_1341.jpg,0.1013881
galaxy_1342.jpg,0.214367
galaxy_1343.jpg,0.05560388
galaxy_1344.jpg,0.09971494
galaxy_1346.jpg,0.08818088
galaxy_1345.jpg,0.04611726
galaxy_1347.jpg,0.07857781
galaxy_1348.jpg,0.1011668
galaxy_1349.jpg,0.04662029
galaxy_1350.jpg,0.07146523
galaxy_1352.jpg,0.0544831
galaxy_1353.jpg,0.09909654
galaxy_1351.jpg,0.0827262
galaxy_1354.jpg,0.08195111
galaxy_1356.jpg,0.09319
galaxy_1355.jpg,0.02963959
galaxy_1357.jpg,0.1099077
galaxy_1359.jpg,0.08202877
galaxy_1358.jpg,0.04055803
galaxy_1360.jpg,0.1063843
galaxy_1361.jpg,0.05060931
galaxy_1362.jpg,0.1710928
galaxy_1363.jpg,0.05202803
galaxy_1364.jpg,0.07756566
galaxy_1365.jpg,0.0627353
galaxy_1366.jpg,0.06750289
galaxy_1367.jpg,0.02783101
galaxy_1368.jpg,0.05001999
galaxy_1369.jpg,0.1311999
galaxy_1370.jpg,0.1445137
galaxy_1371.jpg,0.02954006
galaxy_1372.jpg,0.1176196
galaxy_1374.jpg,0.1040161
galaxy_1375.jpg,0.08884335
galaxy_1373.jpg,0.07863015
galaxy_1377.jpg,0.1215596
galaxy_1376.jpg,0.0606929
galaxy_1378.jpg,0.08380369
galaxy_1379.jpg,0.03143248
galaxy_1381.jpg,0.1271347
galaxy_1382.jpg,0.1023785
galaxy_1383.jpg,0.1604449
galaxy_1380.jpg,0.0485774
galaxy_1384.jpg,0.0860281
galaxy_1385.jpg,0.119413
galaxy_1387.jpg,0.08608638
galaxy_1386.jpg,0.03448845
galaxy_1390.jpg,0.09596653
galaxy_1389.jpg,0.06401967
galaxy_1388.jpg,0.06402559
galaxy_1391.jpg,0.1160942
galaxy_1392.jpg,0.01971783
galaxy_1393.jpg,0.0766225
galaxy_1394.jpg,0.04613246
galaxy_1395.jpg,0.14201
galaxy_1397.jpg,0.0329398
galaxy_1396.jpg,0.1035767
galaxy_1398.jpg,0.1323838
galaxy_1400.jpg,0.09177374
galaxy_1401.jpg,0.1168789
galaxy_1399.jpg,0.05526896
galaxy_1404.jpg,0.07071029
galaxy_1403.jpg,0.1307165
galaxy_1406.jpg,0.0149214
galaxy_1405.jpg,0.01747737
galaxy_1408.jpg,0.08859544
galaxy_1402.jpg,0.03759931
galaxy_1410.jpg,0.08253029
galaxy_1413.jpg,0.1132117
galaxy_1411.jpg,0.08409112
galaxy_1407.jpg,0.04002153
galaxy_1412.jpg,0.09043331
galaxy_1409.jpg,0.0430694
galaxy_1414.jpg,0.06190205
galaxy_1418.jpg,0.05099405
galaxy_1416.jpg,0.1114112
galaxy_1415.jpg,0.06065936
galaxy_1419.jpg,0.06261838
galaxy_1417.jpg,0.1557788
galaxy_1420.jpg,0.01981813
galaxy_1422.jpg,0.03302839
galaxy_1421.jpg,0.1359249
galaxy_1425.jpg,0.0585086
galaxy_1423.jpg,0.1166132
galaxy_1424.jpg,0.03379123
galaxy_1426.jpg,0.07393215
galaxy_1427.jpg,0.06285419
galaxy_1428.jpg,0.2709192
galaxy_1429.jpg,0.0774978
galaxy_1430.jpg,0.1109747
galaxy_1431.jpg,0.02905576
galaxy_1432.jpg,0.133577
galaxy_1433.jpg,0.09720464
galaxy_1434.jpg,0.09764594
galaxy_1435.jpg,0.02858814
galaxy_1436.jpg,0.0765754
galaxy_1437.jpg,0.08144762
galaxy_1438.jpg,0.03865386
galaxy_1439.jpg,0.09869587
galaxy_1440.jpg,0.09543809
galaxy_1442.jpg,0.113869
galaxy_1443.jpg,0.09944208
galaxy_1441.jpg,0.09439377
galaxy_1448.jpg,0.1414768
galaxy_1444.jpg,0.08344575
galaxy_1445.jpg,0.07828303
galaxy_1449.jpg,0.02227204
galaxy_1446.jpg,0.1125489
galaxy_1447.jpg,0.05039589
galaxy_1450.jpg,0.070537
galaxy_1452.jpg,0.04256895
galaxy_1451.jpg,0.06858372
galaxy_1453.jpg,0.04544515
galaxy_1455.jpg,0.06167085
galaxy_1454.jpg,0.08715011
galaxy_1456.jpg,0.07173018
galaxy_1457.jpg,0.02264728
galaxy_1458.jpg,0.05179628
galaxy_1459.jpg,0.06144882
galaxy_1461.jpg,0.08189955
galaxy_1460.jpg,0.09417878
galaxy_1462.jpg,0.07544158
galaxy_1463.jpg,0.1043221
galaxy_1464.jpg,0.0858928
galaxy_1465.jpg,0.07409604
galaxy_1466.jpg,0.06977939
galaxy_1467.jpg,0.05316087
galaxy_1469.jpg,0.1159191
galaxy_1468.jpg,0.1067584
galaxy_1472.jpg,0.02848581
galaxy_1473.jpg,0.04726589
galaxy_1471.jpg,0.1176315
galaxy_1470.jpg,0.1507497
galaxy_1475.jpg,0.04739607
galaxy_1476.jpg,0.0718729
galaxy_1474.jpg,0.1007474
galaxy_1477.jpg,0.09424894
galaxy_1479.jpg,0.1220361
galaxy_1480.jpg,0.08067809
galaxy_1482.jpg,0.0374554
galaxy_1481.jpg,0.02450278
galaxy_1483.jpg,0.04219829
galaxy_1478.jpg,0.09878141
galaxy_1485.jpg,0.04792501
galaxy_1484.jpg,0.1269358
galaxy_1487.jpg,0.0392045
galaxy_1488.jpg,0.04202401
galaxy_1489.jpg,0.05093826
galaxy_1486.jpg,0.08304894
galaxy_1492.jpg,0.07901878
galaxy_1493.jpg,0.1079367
galaxy_1494.jpg,0.1073633
galaxy_1490.jpg,0.1078668
galaxy_1495.jpg,0.07749243
galaxy_1497.jpg,0.01319938
galaxy_1498.jpg,0.0371546
galaxy_1500.jpg,0.2395167
galaxy_1496.jpg,0.06281719
galaxy_1499.jpg,0.07410153
galaxy_1504.jpg,0.04647528
galaxy_1491.jpg,0.07450389
galaxy_1503.jpg,0.07162287
galaxy_1515.jpg,0.1214722
galaxy_1512.jpg,0.03882835
galaxy_1514.jpg,0.08611545
galaxy_1501.jpg,0.04047567
galaxy_1516.jpg,0.1779772
galaxy_1502.jpg,0.1541776
galaxy_1506.jpg,0.09647461
galaxy_1508.jpg,0.07681734
galaxy_1505.jpg,0.07950407
galaxy_1518.jpg,0.04238393
galaxy_1507.jpg,0.07551862
galaxy_1517.jpg,0.04939082
galaxy_1509.jpg,0.08108275
galaxy_1510.jpg,0.01868997
galaxy_1513.jpg,0.04813793
galaxy_1519.jpg,0.07450037
galaxy_1511.jpg,0.0681247
galaxy_1524.jpg,0.05997316
galaxy_1521.jpg,0.06182023
galaxy_1523.jpg,0.04802909
galaxy_1525.jpg,0.08566363
galaxy_1520.jpg,0.03939003
galaxy_1522.jpg,0.1501026
galaxy_1526.jpg,0.1855896
galaxy_1527.jpg,0.08702144
galaxy_1529.jpg,0.05285931
galaxy_1530.jpg,0.02491419
galaxy_1528.jpg,0.10514
galaxy_1532.jpg,0.09504224
galaxy_1534.jpg,0.03624415
galaxy_1535.jpg,0.03076719
galaxy_1533.jpg,0.05082956
galaxy_1537.jpg,0.150701
galaxy_1531.jpg,0.1142288
galaxy_1542.jpg,0.07784508
galaxy_1544.jpg,0.0655016
galaxy_1548.jpg,0.1064133
galaxy_1538.jpg,0.09323321
galaxy_1540.jpg,0.07241724
galaxy_1539.jpg,0.05036044
galaxy_1550.jpg,0.08903272
galaxy_1547.jpg,0.07831636
galaxy_1543.jpg,0.1332159
galaxy_1555.jpg,0.1272953
galaxy_1541.jpg,0.0793623
galaxy_1536.jpg,0.0295153
galaxy_1551.jpg,0.08503014
galaxy_1545.jpg,0.08573391
galaxy_1553.jpg,0.07011583
galaxy_1546.jpg,0.01960516
galaxy_1549.jpg,0.02935491
galaxy_1554.jpg,0.113689
galaxy_1552.jpg,0.1017437
galaxy_1556.jpg,0.1234986
galaxy_1558.jpg,0.02353482
galaxy_1557.jpg,0.08313815
galaxy_1560.jpg,0.0988923
galaxy_1561.jpg,0.04044122
galaxy_1559.jpg,0.0953708
galaxy_1562.jpg,0.05671754
galaxy_1565.jpg,0.1108847
galaxy_1564.jpg,0.04694359
galaxy_1563.jpg,0.04291629
galaxy_1567.jpg,0.06720936
galaxy_1566.jpg,0.02595581
galaxy_1568.jpg,0.03700434
galaxy_1569.jpg,0.07304451
galaxy_1570.jpg,0.01825912
galaxy_1573.jpg,0.05289132
galaxy_1571.jpg,0.09580087
galaxy_1572.jpg,0.05325856
galaxy_1579.jpg,0.02492882
galaxy_1576.jpg,0.06656846
galaxy_1585.jpg,0.0205009
galaxy_1581.jpg,0.08137375
galaxy_1588.jpg,0.09117495
galaxy_1587.jpg,0.1220198
galaxy_1574.jpg,0.03995938
galaxy_1586.jpg,0.02351671
galaxy_1584.jpg,0.09201353
galaxy_1594.jpg,0.163644
galaxy_1589.jpg,0.07909509
galaxy_1593.jpg,0.01391623
galaxy_1596.jpg,0.02456049
galaxy_1575.jpg,0.06894046
galaxy_1578.jpg,0.05215927
galaxy_1591.jpg,0.09703755
galaxy_1598.jpg,0.08883283
galaxy_1592.jpg,0.07440636
galaxy_1590.jpg,0.04817573
galaxy_1595.jpg,0.1229552
galaxy_1599.jpg,0.0269882
galaxy_1580.jpg,0.05692696
galaxy_1577.jpg,0.07930984
galaxy_1582.jpg,0.1461546
galaxy_1583.jpg,0.07949269
galaxy_1597.jpg,0.1104257
galaxy_1600.jpg,0.08476556
galaxy_1601.jpg,0.07653383
galaxy_1602.jpg,0.05118544
galaxy_1603.jpg,0.02847839
galaxy_1605.jpg,0.03386421
galaxy_1604.jpg,0.09625712
galaxy_1606.jpg,0.05426829
galaxy_1607.jpg,0.02689355
galaxy_1608.jpg,0.06864782
galaxy_1609.jpg,0.07532362
galaxy_1612.jpg,0.05335306
galaxy_1611.jpg,0.07521813
galaxy_1613.jpg,0.03866822
galaxy_1622.jpg,0.01745718
galaxy_1621.jpg,0.07079628
galaxy_1615.jpg,0.02428651
galaxy_1614.jpg,0.09864474
galaxy_1619.jpg,0.05325734
galaxy_1623.jpg,0.1331383
galaxy_1616.jpg,0.1266335
galaxy_1624.jpg,0.1540871
galaxy_1610.jpg,0.05283626
galaxy_1631.jpg,0.1158297
galaxy_1620.jpg,0.06932304
galaxy_1618.jpg,0.055642
galaxy_1634.jpg,0.1091905
galaxy_1617.jpg,0.05874733
galaxy_1625.jpg,0.09259431
galaxy_1635.jpg,0.1295409
galaxy_1628.jpg,0.05523384
galaxy_1626.jpg,0.1259262
galaxy_1629.jpg,0.02852145
galaxy_1630.jpg,0.09683526
galaxy_1627.jpg,0.084243
galaxy_1632.jpg,0.05071431
galaxy_1636.jpg,0.1131916
galaxy_1633.jpg,0.1150102
galaxy_1637.jpg,0.1471113
galaxy_1638.jpg,0.0619689
galaxy_1639.jpg,0.1268279
galaxy_1643.jpg,0.08601963
galaxy_1646.jpg,0.08326374
galaxy_1650.jpg,0.06338792
galaxy_1652.jpg,0.1054531
galaxy_1640.jpg,0.08235253
galaxy_1649.jpg,0.06697834
galaxy_1653.jpg,0.04302324
galaxy_1641.jpg,0.0433123
galaxy_1642.jpg,0.0891128
galaxy_1647.jpg,0.05080421
galaxy_1644.jpg,0.03607668
galaxy_1654.jpg,0.02469433
galaxy_1648.jpg,0.1385774
galaxy_1645.jpg,0.07433842
galaxy_1657.jpg,0.0781996
galaxy_1656.jpg,0.06355137
galaxy_1658.jpg,0.03535976
galaxy_1659.jpg,0.1419622
galaxy_1660.jpg,0.0643077
galaxy_1655.jpg,0.09301644
galaxy_1651.jpg,0.1104908
galaxy_1661.jpg,0.1363529
galaxy_1662.jpg,0.05124834
galaxy_1663.jpg,0.1493688
galaxy_1664.jpg,0.04161749
galaxy_1665.jpg,0.07748356
galaxy_1666.jpg,0.1168321
galaxy_1667.jpg,0.08061182
galaxy_1668.jpg,0.04635436
galaxy_1669.jpg,0.03640706
galaxy_1672.jpg,0.04808582
galaxy_1671.jpg,0.107973
galaxy_1673.jpg,0.1166661
galaxy_1670.jpg,0.06902065
galaxy_1677.jpg,0.06329412
galaxy_1675.jpg,0.08411326
galaxy_1676.jpg,0.07569144
galaxy_1679.jpg,0.1153597
galaxy_1674.jpg,0.04660507
galaxy_1680.jpg,0.06270918
galaxy_1690.jpg,0.03228233
galaxy_1684.jpg,0.01445069
galaxy_1681.jpg,0.04421214
galaxy_1683.jpg,0.02390509
galaxy_1686.jpg,0.0451591
galaxy_1689.jpg,0.03851967
galaxy_1678.jpg,0.04641996
galaxy_1685.jpg,0.1248653
galaxy_1691.jpg,0.1503319
galaxy_1688.jpg,0.1621384
galaxy_1687.jpg,0.02665155
galaxy_1682.jpg,0.04217549
galaxy_1692.jpg,0.05235343
galaxy_1694.jpg,0.06687077
galaxy_1693.jpg,0.07476065
galaxy_1695.jpg,0.1331098
galaxy_1696.jpg,0.1338061
galaxy_1697.jpg,0.07981309
galaxy_1698.jpg,0.1597222
galaxy_1699.jpg,0.0862124
galaxy_1703.jpg,0.04983363
galaxy_1700.jpg,0.05911322
galaxy_1701.jpg,0.1040452
galaxy_1704.jpg,0.1311328
galaxy_1706.jpg,0.06393857
galaxy_1702.jpg,0.07563589
galaxy_1708.jpg,0.02736153
galaxy_1707.jpg,0.07730781
galaxy_1710.jpg,0.06289559
galaxy_1713.jpg,0.1275298
galaxy_1705.jpg,0.07173093
galaxy_1709.jpg,0.09867002
galaxy_1720.jpg,0.1195164
galaxy_1712.jpg,0.1084119
galaxy_1717.jpg,0.01746028
galaxy_1711.jpg,0.1421827
galaxy_1716.jpg,0.02377901
galaxy_1718.jpg,0.1056296
galaxy_1715.jpg,0.02858314
galaxy_1723.jpg,0.1658361
galaxy_1714.jpg,0.02733791
galaxy_1722.jpg,0.1058315
galaxy_1719.jpg,0.01777156
galaxy_1724.jpg,0.09396686
galaxy_1721.jpg,0.1151347
galaxy_1725.jpg,0.05830569
galaxy_1726.jpg,0.1220823
galaxy_1727.jpg,0.09854085
galaxy_1728.jpg,0.04381679
galaxy_1729.jpg,0.09400168
galaxy_1730.jpg,0.09664014
galaxy_1731.jpg,0.06451233
galaxy_1732.jpg,0.01327988
galaxy_1733.jpg,0.05663349
galaxy_1737.jpg,0.07426364
galaxy_1734.jpg,0.1077043
galaxy_1736.jpg,0.07520058
galaxy_1735.jpg,0.04610359
galaxy_1738.jpg,0.05687479
galaxy_1741.jpg,0.08449849
galaxy_1739.jpg,0.1390999
galaxy_1740.jpg,0.04654229
galaxy_1742.jpg,0.04385227
galaxy_1744.jpg,0.1060183
galaxy_1745.jpg,0.03026466
galaxy_1746.jpg,0.1221735
galaxy_1751.jpg,0.0278754
galaxy_1748.jpg,0.08203124
galaxy_1747.jpg,0.09448575
galaxy_1743.jpg,0.1313506
galaxy_1750.jpg,0.0419982
galaxy_1752.jpg,0.08324173
galaxy_1749.jpg,0.04910852
galaxy_1753.jpg,-0.000121129
galaxy_1755.jpg,0.1329603
galaxy_1754.jpg,0.1020119
galaxy_1756.jpg,0.07166264
galaxy_1757.jpg,0.1541771
galaxy_1758.jpg,0.04942466
galaxy_1759.jpg,0.1014673
galaxy_1760.jpg,0.1036612
galaxy_1761.jpg,0.08255028
galaxy_1762.jpg,0.0
galaxy_1763.jpg,0.0875186
galaxy_1764.jpg,0.07772074
galaxy_1765.jpg,0.05914621
galaxy_1768.jpg,0.03512749
galaxy_1766.jpg,0.1874183
galaxy_1767.jpg,0.07580755
galaxy_1771.jpg,0.03963418
galaxy_1774.jpg,0.080235
galaxy_1772.jpg,0.06613076
galaxy_1769.jpg,0.02316882
galaxy_1779.jpg,0.0862392
galaxy_1770.jpg,0.1316363
galaxy_1776.jpg,0.0220343
galaxy_1782.jpg,0.06467717
galaxy_1773.jpg,0.03932647
galaxy_1775.jpg,0.1029187
galaxy_1778.jpg,0.04141956
galaxy_1783.jpg,0.08967216
galaxy_1784.jpg,0.09496934
galaxy_1777.jpg,0.07825662
galaxy_1780.jpg,0.2234941
galaxy_1781.jpg,0.02088303
galaxy_1785.jpg,0.1081618
galaxy_1786.jpg,0.0818132
galaxy_1787.jpg,0.0
galaxy_1788.jpg,0.07763977
galaxy_1789.jpg,0.1103398
galaxy_1791.jpg,0.09408508
galaxy_1790.jpg,0.1291011
galaxy_1792.jpg,0.005101382
galaxy_1793.jpg,0.09563231
galaxy_1796.jpg,0.01827526
galaxy_1795.jpg,0.08358037
galaxy_1798.jpg,0.07004702
galaxy_1797.jpg,0.0384283
galaxy_1794.jpg,0.1419396
galaxy_1800.jpg,0.03531471
galaxy_1799.jpg,0.07940035
galaxy_1804.jpg,0.1151708
galaxy_1802.jpg,0.04741625
galaxy_1807.jpg,0.05451185
galaxy_1806.jpg,0.08282445
galaxy_1801.jpg,0.06648089
galaxy_1803.jpg,0.04385598
galaxy_1811.jpg,0.0241792
galaxy_1810.jpg,0.2946159
galaxy_1809.jpg,0.06507054
galaxy_1805.jpg,0.1669027
galaxy_1808.jpg,0.07866604
galaxy_1813.jpg,0.1027766
galaxy_1814.jpg,0.1201305
galaxy_1812.jpg,0.07704592
galaxy_1815.jpg,0.02537117
galaxy_1816.jpg,0.09514044
galaxy_1817.jpg,0.1035899
galaxy_1818.jpg,0.05042475
galaxy_1819.jpg,0.05191506
galaxy_1821.jpg,0.07016084
galaxy_1822.jpg,0.07858773
galaxy_1820.jpg,0.03116146
galaxy_1825.jpg,0.07196002
galaxy_1823.jpg,0.05591327
galaxy_1824.jpg,0.02282963
galaxy_1826.jpg,0.06359418
galaxy_1827.jpg,0.04039027
galaxy_1828.jpg,0.03179819
galaxy_1829.jpg,0.06964123
galaxy_1832.jpg,0.1579897
galaxy_1838.jpg,0.1101637
galaxy_1840.jpg,0.08156533
galaxy_1835.jpg,0.05741858
galaxy_1834.jpg,0.07420275
galaxy_1837.jpg,0.1383026
galaxy_1839.jpg,0.157392
galaxy_1830.jpg,0.1659298
galaxy_1833.jpg,0.1281884
galaxy_1831.jpg,0.08087838
galaxy_1843.jpg,0.08522534
galaxy_1836.jpg,0.005233998
galaxy_1841.jpg,0.02079543
galaxy_1842.jpg,0.07647651
galaxy_1845.jpg,0.02491116
galaxy_1844.jpg,0.0217257
galaxy_1846.jpg,0.1256008
galaxy_1847.jpg,0.0630265
galaxy_1849.jpg,0.04553669
galaxy_1848.jpg,0.03703378
galaxy_1851.jpg,0.04735448
galaxy_1850.jpg,0.04644164
galaxy_1852.jpg,0.1304453
galaxy_1854.jpg,0.07740836
galaxy_1853.jpg,0.03764862
galaxy_1856.jpg,0.05200909
galaxy_1855.jpg,0.07136395
galaxy_1857.jpg,0.01163484
galaxy_1858.jpg,0.09981398
galaxy_1860.jpg,0.05252275
galaxy_1859.jpg,0.03417384
galaxy_1861.jpg,0.1095709
galaxy_1867.jpg,0.04422837
galaxy_1871.jpg,0.1839692
galaxy_1863.jpg,0.04752766
galaxy_1875.jpg,0.08204405
galaxy_1872.jpg,0.02330634
galaxy_1864.jpg,0.07965201
galaxy_1862.jpg,0.03962316
galaxy_1868.jpg,0.06979351
galaxy_1866.jpg,0.0432107
galaxy_1869.jpg,0.07305877
galaxy_1865.jpg,0.1392699
galaxy_1873.jpg,0.1299085
galaxy_1870.jpg,0.07827877
galaxy_1876.jpg,0.05698565
galaxy_1874.jpg,0.09361048
galaxy_1877.jpg,0.1137251
galaxy_1878.jpg,0.07649337
galaxy_1879.jpg,0.1251786
galaxy_1880.jpg,0.07387197
galaxy_1881.jpg,0.08854922
galaxy_1883.jpg,0.04851788
galaxy_1884.jpg,0.05996954
galaxy_1882.jpg,0.07755499
galaxy_1886.jpg,0.05668339
galaxy_1885.jpg,0.1335659
galaxy_1887.jpg,0.1255599
galaxy_1888.jpg,0.06483375
galaxy_1889.jpg,0.02883006
galaxy_1890.jpg,0.0
galaxy_1891.jpg,0.1352947
galaxy_1893.jpg,0.06642248
galaxy_1892.jpg,0.09832358
galaxy_1895.jpg,0.06285357
galaxy_1894.jpg,0.1810821
galaxy_1900.jpg,0.03076359
galaxy_1903.jpg,0.1271787
galaxy_1902.jpg,0.02878361
galaxy_1897.jpg,0.07899298
galaxy_1905.jpg,0.1427507
galaxy_1904.jpg,0.04680105
galaxy_1899.jpg,0.06483287
galaxy_1901.jpg,0.03698352
galaxy_1898.jpg,0.04593902
galaxy_1896.jpg,0.1032969
galaxy_1906.jpg,0.06954516
galaxy_1907.jpg,0.06279997
galaxy_1908.jpg,0.07371309
galaxy_1909.jpg,0.09849781
galaxy_1910.jpg,0.07304322
galaxy_1911.jpg,0.06518305
galaxy_1913.jpg,0.1477283
galaxy_1912.jpg,0.05301498
galaxy_1914.jpg,0.1889484
galaxy_1917.jpg,0.08926351
galaxy_1915.jpg,0.09782312
galaxy_1916.jpg,0.03430815
galaxy_1918.jpg,0.1235117
galaxy_1919.jpg,0.101116
galaxy_1920.jpg,0.05646051
galaxy_1925.jpg,0.09667914
galaxy_1921.jpg,0.02718444
galaxy_1922.jpg,0.04831627
galaxy_1930.jpg,0.125738
galaxy_1931.jpg,0.08403031
galaxy_1926.jpg,0.06530905
galaxy_1924.jpg,0.05036066
galaxy_1928.jpg,0.1097447
galaxy_1929.jpg,0.02146684
galaxy_1935.jpg,0.06129313
galaxy_1923.jpg,0.08355132
galaxy_1933.jpg,0.02693983
galaxy_1932.jpg,0.2217761
galaxy_1927.jpg,0.03914415
galaxy_1936.jpg,0.1250685
galaxy_1934.jpg,0.1170228
galaxy_1937.jpg,0.0337168
galaxy_1938.jpg,0.0783681
galaxy_1939.jpg,0.04729593
galaxy_1940.jpg,0.02676218
galaxy_1945.jpg,0.04167477
galaxy_1941.jpg,0.0996616
galaxy_1943.jpg,0.07199851
galaxy_1944.jpg,0.09408738
galaxy_1942.jpg,0.06824604
galaxy_1948.jpg,0.05360124
galaxy_1947.jpg,0.07959639
galaxy_1949.jpg,0.09229331
galaxy_1946.jpg,0.07667452
galaxy_1962.jpg,0.1644382
galaxy_1964.jpg,0.05612796
galaxy_1960.jpg,0.02648727
galaxy_1958.jpg,0.08382735
galaxy_1965.jpg,0.04486069
galaxy_1967.jpg,0.06858094
galaxy_1961.jpg,0.1073095
galaxy_1968.jpg,0.160904
galaxy_1957.jpg,0.1360613
galaxy_1969.jpg,0.02859564
galaxy_1950.jpg,0.06363218
galaxy_1952.jpg,0.05168759
galaxy_1951.jpg,0.06174399
galaxy_1954.jpg,0.1048911
galaxy_1953.jpg,0.1898659
galaxy_1955.jpg,0.03988223
galaxy_1970.jpg,0.07938
galaxy_1956.jpg,0.09004688
galaxy_1959.jpg,0.06722744
galaxy_1963.jpg,0.005975337
galaxy_1966.jpg,0.1308574
galaxy_1973.jpg,0.05718713
galaxy_1971.jpg,0.08371815
galaxy_1972.jpg,0.1292215
galaxy_1974.jpg,0.1034924
galaxy_1975.jpg,0.07734313
galaxy_1977.jpg,0.1146182
galaxy_1978.jpg,0.0569596
galaxy_1976.jpg,0.1656335
galaxy_1984.jpg,0.08179143
galaxy_1981.jpg,0.04863697
galaxy_1986.jpg,0.04360401
galaxy_1980.jpg,0.06897977
galaxy_1987.jpg,0.1280211
galaxy_1988.jpg,0.06921412
galaxy_1985.jpg,0.04322778
galaxy_1989.jpg,0.1019828
galaxy_1982.jpg,0.1172739
galaxy_1979.jpg,0.06931886
galaxy_1983.jpg,0.06551877
galaxy_1996.jpg,0.09214113
galaxy_1990.jpg,0.09578907
galaxy_1992.jpg,0.07394046
galaxy_1993.jpg,0.1314979
galaxy_1991.jpg,0.06836877
galaxy_1995.jpg,0.06741799
galaxy_1994.jpg,0.0875805
galaxy_1999.jpg,0.1140419
galaxy_1997.jpg,0.09800154
galaxy_1998.jpg,0.03168052
